fecha,id,precio,volumen_24h,volumen_total
2026-10-06T22:14:58+00:00,559651,0.0265,16482.362505000005,14421045.498176988
2026-10-06T22:14:58+00:00,559652,0.1675,9682.462405,27899280.02193998
2026-10-06T22:14:58+00:00,559653,0.1795,5410.304372000001,15441295.245634004
2026-10-06T22:14:58+00:00,559654,0.0505,7014.650985000001,12175120.978884032
2026-10-06T22:14:58+00:00,559655,0.064,59827.20699299999,10132994.03500699
2026-10-06T22:14:58+00:00,559656,0.0205,288.03885,18444370.697004996
2026-10-06T22:14:58+00:00,559657,0.0015,107.80599999999998,23100243.139689
2026-10-06T22:14:58+00:00,559658,0.072,2538.993744,13690737.177587995
2026-10-06T22:14:58+00:00,559659,0.008,606.32767,12125571.890528005
2026-10-06T22:14:58+00:00,559660,0.032,685.365903,13424640.407952001
2026-10-06T22:14:58+00:00,559661,0.1495,2701.500879,13273512.291180003
2026-10-06T22:14:58+00:00,559662,0.004,263.256666,23209028.32432501
2026-10-06T22:14:58+00:00,559663,0.0125,84.833078,15770624.931987973
2026-10-06T22:14:58+00:00,559664,0.0055,280527.753,32937263.782835003
2026-10-06T22:14:58+00:00,559665,0.0065,88.817664,26323100.811799996
2026-10-06T22:14:58+00:00,559666,0.0005,100030.18,43700406.68342799
2026-10-06T22:14:58+00:00,559667,0.0025,5164.181,26337149.963089
2026-10-06T22:14:58+00:00,559668,0.0255,135.63760000000002,17675183.805310998
2026-10-06T22:14:58+00:00,559669,0.0185,1136.208273,14695342.321108997
2026-10-06T22:14:58+00:00,559670,0.0015,247.201,35779921.26999903
2026-10-06T22:14:58+00:00,559671,0.0015,317.53600000000006,38956900.065210015
2026-10-06T22:14:58+00:00,559672,0.003,15.654500000000002,31768609.088726006
2026-10-06T22:14:58+00:00,559673,0.0005,1014.0,25668993.084834
2026-10-06T22:14:58+00:00,559674,0.0015,294.71500000000003,27488047.99275801
2026-10-06T22:14:58+00:00,559675,0.0115,141.93674800000002,24807055.03559501
2026-10-06T22:14:58+00:00,559676,0.0015,502.76199999999994,34177817.35486001
2026-10-06T22:14:58+00:00,559677,0.0015,329.8490000000001,44180242.38427299
2026-10-06T22:14:58+00:00,559678,0.0005,104002.32,38701697.562622026
2026-10-06T22:14:58+00:00,559679,0.0085,270.612763,52864577.886778995
2026-10-06T22:14:58+00:00,559680,0.0015,275.679,42898001.05636498
2026-10-06T22:14:58+00:00,559681,0.0005,73074.22,44239429.03742701
2026-10-06T22:14:58+00:00,559682,0.004,286.29100000000005,44627676.07671801
2026-10-06T22:14:58+00:00,559683,0.0005,5.32,43456727.93337498
2026-10-06T22:14:58+00:00,559684,0.0075,110369.332766,50825400.05133102
2026-10-06T22:14:58+00:00,559685,0.0005,43022.36,41055697.341762975
2026-10-06T22:14:58+00:00,559686,0.0115,290.561608,12518415.208204998
2026-10-06T22:14:58+00:00,559687,0.0005,13.780000000000001,54432540.37432899
2026-10-06T22:14:58+00:00,559688,0.0005,71.49,48909425.23060399
2026-10-06T22:14:58+00:00,559689,0.0005,50.3,42816363.70664799
2026-10-06T22:14:58+00:00,559690,0.0005,23.220000000000002,42922757.02817102
2026-10-06T22:14:58+00:00,559691,0.0035,276.118332,17466037.696407996
2026-10-06T22:14:58+00:00,559692,0.0015,140.50799999999998,36474744.247114
2026-10-06T22:14:58+00:00,559693,0.0015,124.692,8865311.945881002
2026-10-06T22:14:58+00:00,559694,0.014,4723.386427,11351440.369541997
2026-10-06T22:14:58+00:00,559695,0.0305,32553.324371,10826869.869075999
2026-10-06T22:14:58+00:00,559696,0.0005,,8532821.289158
2026-10-06T22:14:58+00:00,559697,0.0015,,3083144.2491659997
2026-10-06T22:14:58+00:00,559698,0.0015,14.31,2134808.330166001
2026-10-06T22:14:58+00:00,559699,0.0015,2094.0,1624160.5617809999
2026-10-06T22:14:58+00:00,559700,0.0005,,656809.4868329999
2026-10-06T22:14:58+00:00,559701,0.0015,,2390413.029992
2026-10-06T22:14:58+00:00,559702,0.0005,,933668.7329989999
2026-10-06T22:14:58+00:00,559703,0.0015,,513562.35700000013
2026-10-06T22:14:58+00:00,559704,0.0015,304.0,798473.437
2026-10-06T22:14:58+00:00,560317,0.0315,252008.84711699997,23721767.22649998
2026-10-06T22:14:58+00:00,561229,0.2005,35626.858906999994,16811215.61689598
2026-10-06T22:14:58+00:00,561230,0.0805,193.397039,18539797.979373995
2026-10-06T22:14:58+00:00,561231,0.1325,24754.223011,13849067.922207985
2026-10-06T22:14:58+00:00,561232,0.0275,19340.096037,8422200.254388003
2026-10-06T22:14:58+00:00,561233,0.0305,3210.4781529999996,7584920.734705996
2026-10-06T22:14:58+00:00,561234,0.0895,4820.466476,12647218.524815999
2026-10-06T22:14:58+00:00,561235,0.009,25152.4681,12725448.092992002
2026-10-06T22:14:58+00:00,561236,0.0035,391.917999,15605249.686684001
2026-10-06T22:14:58+00:00,561237,0.0165,303.378398,19385620.958547004
2026-10-06T22:14:58+00:00,561238,0.0015,10452.794,28321028.167643003
2026-10-06T22:14:58+00:00,561239,0.0435,4784.757510000001,9202666.034046998
2026-10-06T22:14:58+00:00,561240,0.0005,24000.0,33584299.48349403
2026-10-06T22:14:58+00:00,561241,0.0055,3.0376000000000003,13101981.314844001
2026-10-06T22:14:58+00:00,561242,0.0015,10409.913,35413230.923259035
2026-10-06T22:14:58+00:00,561243,0.0125,1817.191307,10681833.653404998
2026-10-06T22:14:58+00:00,561244,0.0045,31414.25,13926095.189548004
2026-10-06T22:14:58+00:00,561245,0.0005,2000.0,30306204.04704698
2026-10-06T22:14:58+00:00,561246,0.0175,4179.574326,12642934.061205
2026-10-06T22:14:58+00:00,561247,0.0005,1000.0,44838893.86510301
2026-10-06T22:14:58+00:00,561248,0.0005,,38009639.059189975
2026-10-06T22:14:58+00:00,561249,0.0015,10759.44,35400774.56288202
2026-10-06T22:14:58+00:00,561250,0.0015,17702.807,27250812.087821007
2026-10-06T22:14:58+00:00,561251,0.0005,274.43,54887480.934108
2026-10-06T22:14:58+00:00,561252,0.0175,7496.313236999999,8447988.353703002
2026-10-06T22:14:58+00:00,561253,0.0175,517.293998,14287959.114877984
2026-10-06T22:14:58+00:00,561254,0.0005,436.77,40324806.113616005
2026-10-06T22:14:58+00:00,561255,0.0045,8469.4779,8261278.934637002
2026-10-06T22:14:58+00:00,561256,0.0005,12.62,22430295.028913006
2026-10-06T22:14:58+00:00,561257,0.0015,4320.713,19358973.346160002
2026-10-06T22:14:58+00:00,561258,0.0045,15.229,11005532.385902997
2026-10-06T22:14:58+00:00,561259,0.009,13369.44975,10936171.916593
2026-10-06T22:14:58+00:00,561260,0.0095,1272.933553,8458910.718550999
2026-10-06T22:14:58+00:00,561261,0.1045,935.2038100000001,5890745.918992998
2026-10-06T22:14:58+00:00,561262,0.0125,11411.365459,7630456.396749001
2026-10-06T22:14:58+00:00,561263,0.0005,76000.0,18929300.270760998
2026-10-06T22:14:58+00:00,561264,0.0005,1.8,10394377.636486
2026-10-06T22:14:58+00:00,561265,0.0005,,2721577.044674
2026-10-06T22:14:58+00:00,561266,0.0005,,923440.3420000001
2026-10-06T22:14:58+00:00,561267,0.0005,,278721.707
2026-10-06T22:14:58+00:00,561268,0.0005,1.52,718562.172666
2026-10-06T22:14:58+00:00,561269,0.0005,,945138.397
2026-10-06T22:14:58+00:00,561270,0.0005,,1040145.764
2026-10-06T22:14:58+00:00,561271,0.0005,,850611.452
2026-10-06T22:14:58+00:00,561272,0.0005,,534552.0769999999
2026-10-06T22:14:58+00:00,561273,0.0005,,393038.48083300004
2026-10-06T22:14:58+00:00,665324,0.049,,26183.249624
2026-10-06T22:14:58+00:00,665326,0.071,1.038405,27808.416821000003
2026-10-06T22:14:58+00:00,665327,0.11,,28093.288517
2026-10-06T22:14:58+00:00,665328,0.105,30.478994,62926.06354
2026-10-06T22:14:58+00:00,665329,0.09,5.0,49008.358313000004
2026-10-06T22:14:58+00:00,665330,0.0455,,130271.92648699999
2026-10-06T22:14:58+00:00,665331,0.07,,80116.72973600001
2026-10-06T22:14:58+00:00,665332,0.07,29.9,38600.017734
2026-10-06T22:14:58+00:00,665333,0.041,,173415.11122199992
2026-10-06T22:14:58+00:00,665334,0.106,154.438572,47039.607533999995
2026-10-06T22:14:58+00:00,665335,0.095,,124552.46644500003
2026-10-06T22:14:58+00:00,665353,0.0355,4175.6,163011.84292800003
2026-10-06T22:14:58+00:00,665354,0.0495,,7052.578216000001
2026-10-06T22:14:58+00:00,665359,0.115,41.285714999999996,159318.4673
2026-10-06T22:14:58+00:00,665362,0.0345,11.98,2123.501853
2026-10-06T22:14:58+00:00,665363,0.046,50.0,552544.2064109999
2026-10-06T22:14:58+00:00,665369,0.265,,113844.02184700001
2026-10-06T22:14:58+00:00,665370,0.045,,15760.128778000004
2026-10-06T22:14:58+00:00,665371,0.0365,50.55,4263.253414999999
2026-10-06T22:14:58+00:00,665372,0.026,,3253.2372729999997
2026-10-06T22:14:58+00:00,665373,0.035,,75079.04709899999
2026-10-06T22:14:58+00:00,665374,0.155,202201.75495299997,72299520.00189704
2026-10-06T22:14:58+00:00,665375,0.029,,18681.840919
2026-10-06T22:14:58+00:00,665409,0.08,57.0,17175.424476
2026-10-06T22:14:58+00:00,665410,0.0405,71.799212,152209.238022
2026-10-06T22:14:58+00:00,665414,0.029,26.297436,248371.125649
2026-10-06T22:14:58+00:00,665419,0.021,,167480.97955199998
2026-10-06T22:14:58+00:00,665420,0.015,,8168.859793
2026-10-06T22:14:58+00:00,665427,0.13,286.614075,321241.65919100004
2026-10-06T22:14:58+00:00,665449,0.0295,5.21,53307.783117
2026-10-06T22:14:58+00:00,665453,0.0445,205.866692,11091.491601999998
2026-10-06T22:14:58+00:00,665459,0.0225,,448522.5813920001
2026-10-06T22:14:58+00:00,665460,0.013,,34655.99174
2026-10-06T22:14:58+00:00,665464,0.0255,34.59867,198022.748147
2026-10-06T22:14:58+00:00,665465,0.0195,233.333334,23054.418855
2026-10-06T22:14:58+00:00,665470,0.0505,,182889.99667600004
2026-10-06T22:14:58+00:00,665471,0.065,,83251.22279700004
2026-10-06T22:14:58+00:00,665472,0.051,117.57,165970.64385000002
2026-10-06T22:14:58+00:00,665473,0.065,,79580.04092200001
2026-10-06T22:14:58+00:00,665474,0.045,600.0,402704.63918199996
2026-10-06T22:14:58+00:00,665475,0.0225,,178795.53247300003
2026-10-06T22:14:58+00:00,665480,0.0325,150.0,1318378.5954109998
2026-10-06T22:14:58+00:00,665482,0.01,,26406.578797
2026-10-06T22:14:58+00:00,665483,0.09,5.319133,2516.640891
2026-10-06T22:14:58+00:00,665484,0.085,1288.106324,471266.0269060001
2026-10-06T22:14:58+00:00,665485,0.04,,186314.97667399998
2026-10-06T22:14:58+00:00,665494,0.0765,293.2,3397.8138430000004
2026-10-06T22:14:58+00:00,665495,0.017,,1253057.9661890008
2026-10-06T22:14:58+00:00,665504,0.18,,72620.924229
2026-10-06T22:14:58+00:00,665506,0.046,,21827.23644100001
2026-10-06T22:14:58+00:00,665513,0.075,1653.4770480000002,2249873.3229980036
2026-10-06T22:14:58+00:00,665514,0.0405,,163673.681031
2026-10-06T22:14:58+00:00,665515,0.045,,92270.018856
2026-10-06T22:14:58+00:00,665519,0.545,,683.183375
2026-10-06T22:14:58+00:00,665520,0.0505,,10286.916803
2026-10-06T22:14:58+00:00,665521,0.0375,,266300.18637099996
2026-10-06T22:14:58+00:00,665531,0.049,35.75,1396925.0539
2026-10-06T22:14:58+00:00,665532,0.045,160.0,618795.1363809999
2026-10-06T22:14:58+00:00,665533,0.033,,341434.66901000007
2026-10-06T22:14:58+00:00,665727,0.1095,,601456.2880349999
2026-10-06T22:14:58+00:00,665728,0.0205,,18284.109978
2026-10-06T22:14:58+00:00,665729,0.063,,19954.084938999997
2026-10-06T22:14:58+00:00,665735,0.09,,13758.428093
2026-10-06T22:14:58+00:00,665738,0.065,,70896.80572
2026-10-06T22:14:58+00:00,666579,0.014,,10599.04441
2026-10-06T22:14:58+00:00,666580,0.0245,,10200.130787000002
2026-10-06T22:14:58+00:00,666581,0.095,,15236.276187999998
2026-10-06T22:14:58+00:00,666582,0.565,,9332.681508000003
2026-10-06T22:14:58+00:00,666583,0.1195,,6627.538996
2026-10-06T22:14:58+00:00,666584,0.009,,6422.046425
2026-10-06T22:14:58+00:00,666585,0.014,,42392.71520600001
2026-10-06T22:14:58+00:00,666586,0.013,,13871.570721
2026-10-06T22:14:58+00:00,666587,0.016,,7190.992123000001
2026-10-06T22:14:58+00:00,666588,0.0185,,7178.062900000001
2026-10-06T22:14:58+00:00,666593,0.195,2019.62,186658.5784980001
2026-10-06T22:14:58+00:00,666596,0.675,255.98999999999998,20376.019156000002
2026-10-06T22:14:58+00:00,666599,0.0355,,35510.697458
2026-10-06T22:14:58+00:00,666602,0.075,50.0,15863.577499
2026-10-06T22:14:58+00:00,666603,0.055,1808.6287419999999,73035.79702399998
2026-10-06T22:14:58+00:00,666604,0.0205,,96465.42683399997
2026-10-06T22:14:58+00:00,666606,0.039,,25042.824947000005
2026-10-06T22:14:58+00:00,666608,0.8,501.08438800000005,157491.129201
2026-10-06T22:14:58+00:00,666610,0.0345,,31029.582465
2026-10-06T22:14:58+00:00,666611,0.12,,35406.292761
2026-10-06T22:14:58+00:00,666612,0.105,,51345.161950000016
2026-10-06T22:14:58+00:00,666613,0.045,,12988.104781999999
2026-10-06T22:14:58+00:00,666657,0.14,,92709.76967999997
2026-10-06T22:14:58+00:00,666659,0.215,123.0,129972.78163299999
2026-10-06T22:14:58+00:00,666660,0.06,104.166667,24145.960350999994
2026-10-06T22:14:58+00:00,666661,0.07,605.758572,12848.845565999998
2026-10-06T22:14:58+00:00,666664,0.155,5.0,33700.254388
2026-10-06T22:14:58+00:00,666665,0.165,,97621.23707500001
2026-10-06T22:14:58+00:00,666667,0.195,257.33,307145.82528700004
2026-10-06T22:14:58+00:00,666817,0.0555,18.88,13479.737548000005
2026-10-06T22:14:58+00:00,666818,0.115,36.4,71158.05140699999
2026-10-06T22:14:58+00:00,666819,0.125,,24123.051229999997
2026-10-06T22:14:58+00:00,666820,0.0525,,4919.321563
2026-10-06T22:14:58+00:00,666821,0.074,,18114.662043999997
2026-10-06T22:14:58+00:00,666822,0.13,,19808.320063
2026-10-06T22:14:58+00:00,666823,0.065,48.41,22971.322717
